[
  {
    "Stationsname": "Ostheim vor der Rhön",
    "Di 30.09.": "1",
    "Mi 01.10.": "1",
    "Do 02.10.": "1",
    "Fr 03.10.": "1",
    "Sa 04.10.": "1"
  },
  {
    "Stationsname": "Teuschnitz",
    "Di 30.09.": "1",
    "Mi 01.10.": "1",
    "Do 02.10.": "1",
    "Fr 03.10.": "1",
    "Sa 04.10.": "1"
  },
  {
    "Stationsname": "Sandberg",
    "Di 30.09.": "1",
    "Mi 01.10.": "1",
    "Do 02.10.": "1",
    "Fr 03.10.": "1",
    "Sa 04.10.": "1"
  },
  {
    "Stationsname": "Hof",
    "Di 30.09.": "1",
    "Mi 01.10.": "1",
    "Do 02.10.": "1",
    "Fr 03.10.": "1",
    "Sa 04.10.": "1"
  },
  {
    "Stationsname": "Lautertal-Oberlauter",
    "Di 30.09.": "1",
    "Mi 01.10.": "1",
    "Do 02.10.": "1",
    "Fr 03.10.": "1",
    "Sa 04.10.": "1"
  },
  {
    "Stationsname": "Bad Königshofen",
    "Di 30.09.": "1",
    "Mi 01.10.": "1",
    "Do 02.10.": "1",
    "Fr 03.10.": "1",
    "Sa 04.10.": "1"
  },
  {
    "Stationsname": "Kronach",
    "Di 30.09.": "1",
    "Mi 01.10.": "1",
    "Do 02.10.": "1",
    "Fr 03.10.": "1",
    "Sa 04.10.": "1"
  },
  {
    "Stationsname": "Bad Kissingen",
    "Di 30.09.": "1",
    "Mi 01.10.": "1",
    "Do 02.10.": "1",
    "Fr 03.10.": "1",
    "Sa 04.10.": "1"
  },
  {
    "Stationsname": "Schönwald/Ofr.-Brunn",
    "Di 30.09.": "1",
    "Mi 01.10.": "1",
    "Do 02.10.": "1",
    "Fr 03.10.": "1",
    "Sa 04.10.": "1"
  },
  {
    "Stationsname": "Staffelstein, Bad-Stublang",
    "Di 30.09.": "1",
    "Mi 01.10.": "1",
    "Do 02.10.": "1",
    "Fr 03.10.": "1",
    "Sa 04.10.": "1"
  },
  {
    "Stationsname": "Kahl/Main",
    "Di 30.09.": "1",
    "Mi 01.10.": "1",
    "Do 02.10.": "1",
    "Fr 03.10.": "1",
    "Sa 04.10.": "1"
  },
  {
    "Stationsname": "Schonungen-Mainberg",
    "Di 30.09.": "1",
    "Mi 01.10.": "1",
    "Do 02.10.": "1",
    "Fr 03.10.": "1",
    "Sa 04.10.": "1"
  },
  {
    "Stationsname": "Wunsiedel-Schönbrunn",
    "Di 30.09.": "1",
    "Mi 01.10.": "1",
    "Do 02.10.": "1",
    "Fr 03.10.": "1",
    "Sa 04.10.": "1"
  },
  {
    "Stationsname": "Lohr-Halsbach/Main",
    "Di 30.09.": "1",
    "Mi 01.10.": "1",
    "Do 02.10.": "1",
    "Fr 03.10.": "1",
    "Sa 04.10.": "1"
  },
  {
    "Stationsname": "Neuhütten/Spessart",
    "Di 30.09.": "1",
    "Mi 01.10.": "1",
    "Do 02.10.": "1",
    "Fr 03.10.": "1",
    "Sa 04.10.": "1"
  },
  {
    "Stationsname": "Fichtelberg-Hüttstadl/Oberfranken",
    "Di 30.09.": "1",
    "Mi 01.10.": "1",
    "Do 02.10.": "1",
    "Fr 03.10.": "1",
    "Sa 04.10.": "1"
  },
  {
    "Stationsname": "Arnstein-Müdesheim",
    "Di 30.09.": "1",
    "Mi 01.10.": "1",
    "Do 02.10.": "1",
    "Fr 03.10.": "1",
    "Sa 04.10.": "1"
  },
  {
    "Stationsname": "Heinersreuth-Vollhof",
    "Di 30.09.": "1",
    "Mi 01.10.": "1",
    "Do 02.10.": "1",
    "Fr 03.10.": "1",
    "Sa 04.10.": "1"
  },
  {
    "Stationsname": "Bamberg",
    "Di 30.09.": "1",
    "Mi 01.10.": "1",
    "Do 02.10.": "1",
    "Fr 03.10.": "1",
    "Sa 04.10.": "1"
  },
  {
    "Stationsname": "Tirschenreuth-Lodermühl",
    "Di 30.09.": "1",
    "Mi 01.10.": "1",
    "Do 02.10.": "1",
    "Fr 03.10.": "1",
    "Sa 04.10.": "1"
  },
  {
    "Stationsname": "Ebrach",
    "Di 30.09.": "1",
    "Mi 01.10.": "1",
    "Do 02.10.": "1",
    "Fr 03.10.": "1",
    "Sa 04.10.": "1"
  },
  {
    "Stationsname": "Neustadt-Filchendorf am Kulm",
    "Di 30.09.": "1",
    "Mi 01.10.": "1",
    "Do 02.10.": "1",
    "Fr 03.10.": "1",
    "Sa 04.10.": "1"
  },
  {
    "Stationsname": "Würzburg",
    "Di 30.09.": "1",
    "Mi 01.10.": "1",
    "Do 02.10.": "1",
    "Fr 03.10.": "1",
    "Sa 04.10.": "1"
  },
  {
    "Stationsname": "Röllbach",
    "Di 30.09.": "1",
    "Mi 01.10.": "1",
    "Do 02.10.": "1",
    "Fr 03.10.": "1",
    "Sa 04.10.": "1"
  },
  {
    "Stationsname": "Kitzingen",
    "Di 30.09.": "1",
    "Mi 01.10.": "1",
    "Do 02.10.": "1",
    "Fr 03.10.": "1",
    "Sa 04.10.": "1"
  },
  {
    "Stationsname": "Weiden",
    "Di 30.09.": "1",
    "Mi 01.10.": "1",
    "Do 02.10.": "1",
    "Fr 03.10.": "1",
    "Sa 04.10.": "1"
  },
  {
    "Stationsname": "Gräfenberg-Kasberg",
    "Di 30.09.": "1",
    "Mi 01.10.": "1",
    "Do 02.10.": "1",
    "Fr 03.10.": "1",
    "Sa 04.10.": "1"
  },
  {
    "Stationsname": "Möhrendorf-Kleinseebach",
    "Di 30.09.": "1",
    "Mi 01.10.": "1",
    "Do 02.10.": "1",
    "Fr 03.10.": "1",
    "Sa 04.10.": "1"
  },
  {
    "Stationsname": "Gollhofen",
    "Di 30.09.": "1",
    "Mi 01.10.": "1",
    "Do 02.10.": "1",
    "Fr 03.10.": "1",
    "Sa 04.10.": "1"
  },
  {
    "Stationsname": "Nürnberg (Flughafen)",
    "Di 30.09.": "1",
    "Mi 01.10.": "1",
    "Do 02.10.": "1",
    "Fr 03.10.": "1",
    "Sa 04.10.": "1"
  },
  {
    "Stationsname": "Markt Erlbach-Hagenhofen",
    "Di 30.09.": "1",
    "Mi 01.10.": "1",
    "Do 02.10.": "1",
    "Fr 03.10.": "1",
    "Sa 04.10.": "1"
  },
  {
    "Stationsname": "Pommelsbrunn-Mittelburg",
    "Di 30.09.": "1",
    "Mi 01.10.": "1",
    "Do 02.10.": "1",
    "Fr 03.10.": "1",
    "Sa 04.10.": "1"
  },
  {
    "Stationsname": "Amberg-Unterammersricht",
    "Di 30.09.": "1",
    "Mi 01.10.": "1",
    "Do 02.10.": "1",
    "Fr 03.10.": "1",
    "Sa 04.10.": "1"
  },
  {
    "Stationsname": "Oberviechtach",
    "Di 30.09.": "1",
    "Mi 01.10.": "1",
    "Do 02.10.": "1",
    "Fr 03.10.": "1",
    "Sa 04.10.": "1"
  },
  {
    "Stationsname": "Kümmersbruck",
    "Di 30.09.": "1",
    "Mi 01.10.": "1",
    "Do 02.10.": "1",
    "Fr 03.10.": "1",
    "Sa 04.10.": "1"
  },
  {
    "Stationsname": "Nürnberg-Netzstall",
    "Di 30.09.": "1",
    "Mi 01.10.": "1",
    "Do 02.10.": "1",
    "Fr 03.10.": "1",
    "Sa 04.10.": "1"
  },
  {
    "Stationsname": "Waldmünchen",
    "Di 30.09.": "1",
    "Mi 01.10.": "1",
    "Do 02.10.": "1",
    "Fr 03.10.": "1",
    "Sa 04.10.": "1"
  },
  {
    "Stationsname": "Rothenburg ob der Tauber",
    "Di 30.09.": "1",
    "Mi 01.10.": "1",
    "Do 02.10.": "1",
    "Fr 03.10.": "1",
    "Sa 04.10.": "1"
  },
  {
    "Stationsname": "Schwandorf",
    "Di 30.09.": "1",
    "Mi 01.10.": "1",
    "Do 02.10.": "1",
    "Fr 03.10.": "1",
    "Sa 04.10.": "1"
  },
  {
    "Stationsname": "Weidenbach-Weiherschneidbach",
    "Di 30.09.": "1",
    "Mi 01.10.": "1",
    "Do 02.10.": "1",
    "Fr 03.10.": "1",
    "Sa 04.10.": "1"
  },
  {
    "Stationsname": "Roth",
    "Di 30.09.": "1",
    "Mi 01.10.": "1",
    "Do 02.10.": "1",
    "Fr 03.10.": "1",
    "Sa 04.10.": "1"
  },
  {
    "Stationsname": "Schorndorf-Knöbling",
    "Di 30.09.": "1",
    "Mi 01.10.": "1",
    "Do 02.10.": "1",
    "Fr 03.10.": "1",
    "Sa 04.10.": "1"
  },
  {
    "Stationsname": "Feuchtwangen-Heilbronn",
    "Di 30.09.": "1",
    "Mi 01.10.": "1",
    "Do 02.10.": "1",
    "Fr 03.10.": "1",
    "Sa 04.10.": "1"
  },
  {
    "Stationsname": "Parsberg-Eglwang/Oberpfalz",
    "Di 30.09.": "1",
    "Mi 01.10.": "1",
    "Do 02.10.": "1",
    "Fr 03.10.": "1",
    "Sa 04.10.": "1"
  },
  {
    "Stationsname": "Regensburg",
    "Di 30.09.": "1",
    "Mi 01.10.": "1",
    "Do 02.10.": "1",
    "Fr 03.10.": "1",
    "Sa 04.10.": "1"
  },
  {
    "Stationsname": "Zwiesel",
    "Di 30.09.": "1",
    "Mi 01.10.": "1",
    "Do 02.10.": "1",
    "Fr 03.10.": "1",
    "Sa 04.10.": "1"
  },
  {
    "Stationsname": "Weißenburg-Emetzheim",
    "Di 30.09.": "1",
    "Mi 01.10.": "1",
    "Do 02.10.": "1",
    "Fr 03.10.": "1",
    "Sa 04.10.": "1"
  },
  {
    "Stationsname": "Gelbelsee",
    "Di 30.09.": "1",
    "Mi 01.10.": "1",
    "Do 02.10.": "1",
    "Fr 03.10.": "1",
    "Sa 04.10.": "1"
  },
  {
    "Stationsname": "Eichstätt-Landershofen",
    "Di 30.09.": "1",
    "Mi 01.10.": "1",
    "Do 02.10.": "1",
    "Fr 03.10.": "1",
    "Sa 04.10.": "1"
  },
  {
    "Stationsname": "Metten",
    "Di 30.09.": "1",
    "Mi 01.10.": "1",
    "Do 02.10.": "1",
    "Fr 03.10.": "1",
    "Sa 04.10.": "1"
  },
  {
    "Stationsname": "Kösching",
    "Di 30.09.": "1",
    "Mi 01.10.": "1",
    "Do 02.10.": "1",
    "Fr 03.10.": "1",
    "Sa 04.10.": "1"
  },
  {
    "Stationsname": "Straubing",
    "Di 30.09.": "1",
    "Mi 01.10.": "1",
    "Do 02.10.": "1",
    "Fr 03.10.": "1",
    "Sa 04.10.": "1"
  },
  {
    "Stationsname": "Reimlingen",
    "Di 30.09.": "1",
    "Mi 01.10.": "1",
    "Do 02.10.": "1",
    "Fr 03.10.": "1",
    "Sa 04.10.": "1"
  },
  {
    "Stationsname": "Harburg",
    "Di 30.09.": "1",
    "Mi 01.10.": "1",
    "Do 02.10.": "1",
    "Fr 03.10.": "1",
    "Sa 04.10.": "1"
  },
  {
    "Stationsname": "Grainet-Rehberg",
    "Di 30.09.": "1",
    "Mi 01.10.": "2",
    "Do 02.10.": "2",
    "Fr 03.10.": "2",
    "Sa 04.10.": "2"
  },
  {
    "Stationsname": "Saldenburg-Entschenreuth",
    "Di 30.09.": "1",
    "Mi 01.10.": "1",
    "Do 02.10.": "1",
    "Fr 03.10.": "1",
    "Sa 04.10.": "2"
  },
  {
    "Stationsname": "Mallersdorf-Pfaffenberg-Oberlindhart",
    "Di 30.09.": "1",
    "Mi 01.10.": "1",
    "Do 02.10.": "1",
    "Fr 03.10.": "1",
    "Sa 04.10.": "1"
  },
  {
    "Stationsname": "Donauwörth-Osterweiler",
    "Di 30.09.": "1",
    "Mi 01.10.": "1",
    "Do 02.10.": "1",
    "Fr 03.10.": "1",
    "Sa 04.10.": "1"
  },
  {
    "Stationsname": "Ingolstadt-Manching",
    "Di 30.09.": "1",
    "Mi 01.10.": "1",
    "Do 02.10.": "1",
    "Fr 03.10.": "1",
    "Sa 04.10.": "1"
  },
  {
    "Stationsname": "Neuburg an der Donau",
    "Di 30.09.": "1",
    "Mi 01.10.": "1",
    "Do 02.10.": "1",
    "Fr 03.10.": "1",
    "Sa 04.10.": "1"
  },
  {
    "Stationsname": "Elsendorf-Horneck",
    "Di 30.09.": "1",
    "Mi 01.10.": "1",
    "Do 02.10.": "1",
    "Fr 03.10.": "1",
    "Sa 04.10.": "1"
  },
  {
    "Stationsname": "Gottfrieding",
    "Di 30.09.": "1",
    "Mi 01.10.": "1",
    "Do 02.10.": "1",
    "Fr 03.10.": "1",
    "Sa 04.10.": "1"
  },
  {
    "Stationsname": "Aldersbach-Kramersepp",
    "Di 30.09.": "1",
    "Mi 01.10.": "1",
    "Do 02.10.": "1",
    "Fr 03.10.": "1",
    "Sa 04.10.": "1"
  },
  {
    "Stationsname": "Dillingen/Donau-Fristingen",
    "Di 30.09.": "1",
    "Mi 01.10.": "1",
    "Do 02.10.": "1",
    "Fr 03.10.": "1",
    "Sa 04.10.": "1"
  },
  {
    "Stationsname": "Fürstenzell",
    "Di 30.09.": "1",
    "Mi 01.10.": "1",
    "Do 02.10.": "1",
    "Fr 03.10.": "1",
    "Sa 04.10.": "1"
  },
  {
    "Stationsname": "Günzburg",
    "Di 30.09.": "1",
    "Mi 01.10.": "1",
    "Do 02.10.": "1",
    "Fr 03.10.": "1",
    "Sa 04.10.": "1"
  },
  {
    "Stationsname": "Falkenberg (Kreis Rottal-Inn)",
    "Di 30.09.": "1",
    "Mi 01.10.": "1",
    "Do 02.10.": "1",
    "Fr 03.10.": "1",
    "Sa 04.10.": "1"
  },
  {
    "Stationsname": "Augsburg",
    "Di 30.09.": "1",
    "Mi 01.10.": "1",
    "Do 02.10.": "1",
    "Fr 03.10.": "1",
    "Sa 04.10.": "1"
  },
  {
    "Stationsname": "Altomünster-Maisbrunn",
    "Di 30.09.": "1",
    "Mi 01.10.": "1",
    "Do 02.10.": "1",
    "Fr 03.10.": "1",
    "Sa 04.10.": "1"
  },
  {
    "Stationsname": "Freising-Dürnast",
    "Di 30.09.": "1",
    "Mi 01.10.": "1",
    "Do 02.10.": "1",
    "Fr 03.10.": "1",
    "Sa 04.10.": "1"
  },
  {
    "Stationsname": "München (Flughafen)",
    "Di 30.09.": "1",
    "Mi 01.10.": "1",
    "Do 02.10.": "1",
    "Fr 03.10.": "1",
    "Sa 04.10.": "1"
  },
  {
    "Stationsname": "Neuburg/Kammel-Langenhaslach",
    "Di 30.09.": "1",
    "Mi 01.10.": "1",
    "Do 02.10.": "1",
    "Fr 03.10.": "1",
    "Sa 04.10.": "1"
  },
  {
    "Stationsname": "Mühldorf",
    "Di 30.09.": "1",
    "Mi 01.10.": "1",
    "Do 02.10.": "1",
    "Fr 03.10.": "1",
    "Sa 04.10.": "1"
  },
  {
    "Stationsname": "Simbach/Inn",
    "Di 30.09.": "1",
    "Mi 01.10.": "1",
    "Do 02.10.": "1",
    "Fr 03.10.": "1",
    "Sa 04.10.": "2"
  },
  {
    "Stationsname": "Maisach-Galgen",
    "Di 30.09.": "1",
    "Mi 01.10.": "1",
    "Do 02.10.": "1",
    "Fr 03.10.": "1",
    "Sa 04.10.": "1"
  },
  {
    "Stationsname": "Lechfeld",
    "Di 30.09.": "1",
    "Mi 01.10.": "1",
    "Do 02.10.": "1",
    "Fr 03.10.": "1",
    "Sa 04.10.": "1"
  },
  {
    "Stationsname": "München-Stadt",
    "Di 30.09.": "1",
    "Mi 01.10.": "1",
    "Do 02.10.": "1",
    "Fr 03.10.": "1",
    "Sa 04.10.": "1"
  },
  {
    "Stationsname": "Ebersberg-Halbing",
    "Di 30.09.": "1",
    "Mi 01.10.": "1",
    "Do 02.10.": "1",
    "Fr 03.10.": "1",
    "Sa 04.10.": "1"
  },
  {
    "Stationsname": "Trostberg",
    "Di 30.09.": "1",
    "Mi 01.10.": "1",
    "Do 02.10.": "1",
    "Fr 03.10.": "1",
    "Sa 04.10.": "1"
  },
  {
    "Stationsname": "Amerang-Pfaffing",
    "Di 30.09.": "1",
    "Mi 01.10.": "1",
    "Do 02.10.": "1",
    "Fr 03.10.": "1",
    "Sa 04.10.": "1"
  },
  {
    "Stationsname": "Oberhaching-Laufzorn",
    "Di 30.09.": "1",
    "Mi 01.10.": "1",
    "Do 02.10.": "1",
    "Fr 03.10.": "1",
    "Sa 04.10.": "1"
  },
  {
    "Stationsname": "Memmingen",
    "Di 30.09.": "1",
    "Mi 01.10.": "1",
    "Do 02.10.": "1",
    "Fr 03.10.": "1",
    "Sa 04.10.": "1"
  },
  {
    "Stationsname": "Chieming",
    "Di 30.09.": "1",
    "Mi 01.10.": "1",
    "Do 02.10.": "1",
    "Fr 03.10.": "1",
    "Sa 04.10.": "1"
  },
  {
    "Stationsname": "Wielenbach",
    "Di 30.09.": "1",
    "Mi 01.10.": "1",
    "Do 02.10.": "1",
    "Fr 03.10.": "1",
    "Sa 04.10.": "1"
  },
  {
    "Stationsname": "Holzkirchen",
    "Di 30.09.": "1",
    "Mi 01.10.": "1",
    "Do 02.10.": "1",
    "Fr 03.10.": "1",
    "Sa 04.10.": "1"
  },
  {
    "Stationsname": "Attenkam",
    "Di 30.09.": "1",
    "Mi 01.10.": "1",
    "Do 02.10.": "1",
    "Fr 03.10.": "1",
    "Sa 04.10.": "1"
  },
  {
    "Stationsname": "Kaufbeuren-Oberbeuren",
    "Di 30.09.": "1",
    "Mi 01.10.": "1",
    "Do 02.10.": "1",
    "Fr 03.10.": "1",
    "Sa 04.10.": "1"
  },
  {
    "Stationsname": "Siegsdorf-Höll",
    "Di 30.09.": "1",
    "Mi 01.10.": "1",
    "Do 02.10.": "1",
    "Fr 03.10.": "1",
    "Sa 04.10.": "1"
  },
  {
    "Stationsname": "Altenstadt",
    "Di 30.09.": "1",
    "Mi 01.10.": "1",
    "Do 02.10.": "1",
    "Fr 03.10.": "1",
    "Sa 04.10.": "1"
  },
  {
    "Stationsname": "Hohenpeißenberg",
    "Di 30.09.": "1",
    "Mi 01.10.": "1",
    "Do 02.10.": "1",
    "Fr 03.10.": "1",
    "Sa 04.10.": "1"
  },
  {
    "Stationsname": "Piding",
    "Di 30.09.": "1",
    "Mi 01.10.": "1",
    "Do 02.10.": "1",
    "Fr 03.10.": "1",
    "Sa 04.10.": "1"
  },
  {
    "Stationsname": "Kempten",
    "Di 30.09.": "1",
    "Mi 01.10.": "1",
    "Do 02.10.": "1",
    "Fr 03.10.": "1",
    "Sa 04.10.": "1"
  },
  {
    "Stationsname": "Bad Kohlgrub",
    "Di 30.09.": "1",
    "Mi 01.10.": "1",
    "Do 02.10.": "1",
    "Fr 03.10.": "1",
    "Sa 04.10.": "1"
  },
  {
    "Stationsname": "Oy-Mittelberg-Petersthal",
    "Di 30.09.": "1",
    "Mi 01.10.": "1",
    "Do 02.10.": "1",
    "Fr 03.10.": "1",
    "Sa 04.10.": "1"
  },
  {
    "Stationsname": "Kiefersfelden-Gach",
    "Di 30.09.": "1",
    "Mi 01.10.": "1",
    "Do 02.10.": "1",
    "Fr 03.10.": "1",
    "Sa 04.10.": "1"
  },
  {
    "Stationsname": "Sigmarszell",
    "Di 30.09.": "1",
    "Mi 01.10.": "1",
    "Do 02.10.": "1",
    "Fr 03.10.": "1",
    "Sa 04.10.": "1"
  },
  {
    "Stationsname": "Garmisch-Partenkirchen",
    "Di 30.09.": "1",
    "Mi 01.10.": "1",
    "Do 02.10.": "1",
    "Fr 03.10.": "1",
    "Sa 04.10.": "1"
  },
  {
    "Stationsname": "Oberstdorf",
    "Di 30.09.": "1",
    "Mi 01.10.": "1",
    "Do 02.10.": "1",
    "Fr 03.10.": "1",
    "Sa 04.10.": "1"
  }
]