[
  {
    "Stationsname": "Wesertal-Lippoldsberg",
    "Fr 27.02.": "1",
    "Sa 28.02.": "1",
    "So 01.03.": "1",
    "Mo 02.03.": "2",
    "Di 03.03.": "2"
  },
  {
    "Stationsname": "Twistetal-Mühlhausen",
    "Fr 27.02.": "1",
    "Sa 28.02.": "1",
    "So 01.03.": "1",
    "Mo 02.03.": "2",
    "Di 03.03.": "2"
  },
  {
    "Stationsname": "Schauenburg-Elgershausen",
    "Fr 27.02.": "1",
    "Sa 28.02.": "1",
    "So 01.03.": "1",
    "Mo 02.03.": "1",
    "Di 03.03.": "2"
  },
  {
    "Stationsname": "Eschwege",
    "Fr 27.02.": "1",
    "Sa 28.02.": "1",
    "So 01.03.": "1",
    "Mo 02.03.": "2",
    "Di 03.03.": "2"
  },
  {
    "Stationsname": "Fritzlar/Eder",
    "Fr 27.02.": "1",
    "Sa 28.02.": "1",
    "So 01.03.": "1",
    "Mo 02.03.": "1",
    "Di 03.03.": "2"
  },
  {
    "Stationsname": "Sontra",
    "Fr 27.02.": "1",
    "Sa 28.02.": "1",
    "So 01.03.": "1",
    "Mo 02.03.": "1",
    "Di 03.03.": "2"
  },
  {
    "Stationsname": "Burgwald-Bottendorf",
    "Fr 27.02.": "1",
    "Sa 28.02.": "1",
    "So 01.03.": "1",
    "Mo 02.03.": "1",
    "Di 03.03.": "1"
  },
  {
    "Stationsname": "Gilserberg-Moischeid",
    "Fr 27.02.": "1",
    "Sa 28.02.": "1",
    "So 01.03.": "1",
    "Mo 02.03.": "1",
    "Di 03.03.": "2"
  },
  {
    "Stationsname": "Neukirchen-Hauptschwenda",
    "Fr 27.02.": "1",
    "Sa 28.02.": "1",
    "So 01.03.": "1",
    "Mo 02.03.": "2",
    "Di 03.03.": "2"
  },
  {
    "Stationsname": "Bad Hersfeld",
    "Fr 27.02.": "1",
    "Sa 28.02.": "1",
    "So 01.03.": "1",
    "Mo 02.03.": "2",
    "Di 03.03.": "2"
  },
  {
    "Stationsname": "Cölbe",
    "Fr 27.02.": "1",
    "Sa 28.02.": "1",
    "So 01.03.": "1",
    "Mo 02.03.": "1",
    "Di 03.03.": "1"
  },
  {
    "Stationsname": "Neu-Ulrichstein",
    "Fr 27.02.": "1",
    "Sa 28.02.": "1",
    "So 01.03.": "1",
    "Mo 02.03.": "2",
    "Di 03.03.": "2"
  },
  {
    "Stationsname": "Alsfeld-Eifa",
    "Fr 27.02.": "1",
    "Sa 28.02.": "1",
    "So 01.03.": "1",
    "Mo 02.03.": "2",
    "Di 03.03.": "2"
  },
  {
    "Stationsname": "Tann/Rhön",
    "Fr 27.02.": "1",
    "Sa 28.02.": "2",
    "So 01.03.": "2",
    "Mo 02.03.": "2",
    "Di 03.03.": "2"
  },
  {
    "Stationsname": "Wettenberg bei Gießen",
    "Fr 27.02.": "1",
    "Sa 28.02.": "1",
    "So 01.03.": "1",
    "Mo 02.03.": "1",
    "Di 03.03.": "1"
  },
  {
    "Stationsname": "Fulda-Horas",
    "Fr 27.02.": "1",
    "Sa 28.02.": "1",
    "So 01.03.": "1",
    "Mo 02.03.": "2",
    "Di 03.03.": "2"
  },
  {
    "Stationsname": "Löhnberg-Obershausen",
    "Fr 27.02.": "1",
    "Sa 28.02.": "1",
    "So 01.03.": "1",
    "Mo 02.03.": "1",
    "Di 03.03.": "1"
  },
  {
    "Stationsname": "Hoherodskopf/Vogelsberg",
    "Fr 27.02.": "1",
    "Sa 28.02.": "1",
    "So 01.03.": "1",
    "Mo 02.03.": "2",
    "Di 03.03.": "2"
  },
  {
    "Stationsname": "Wasserkuppe",
    "Fr 27.02.": "1",
    "Sa 28.02.": "2",
    "So 01.03.": "2",
    "Mo 02.03.": "3",
    "Di 03.03.": "3"
  },
  {
    "Stationsname": "Runkel-Ennerich",
    "Fr 27.02.": "1",
    "Sa 28.02.": "1",
    "So 01.03.": "1",
    "Mo 02.03.": "1",
    "Di 03.03.": "1"
  },
  {
    "Stationsname": "Bad Nauheim",
    "Fr 27.02.": "1",
    "Sa 28.02.": "1",
    "So 01.03.": "1",
    "Mo 02.03.": "1",
    "Di 03.03.": "2"
  },
  {
    "Stationsname": "Schlüchtern-Herolz",
    "Fr 27.02.": "1",
    "Sa 28.02.": "1",
    "So 01.03.": "1",
    "Mo 02.03.": "1",
    "Di 03.03.": "1"
  },
  {
    "Stationsname": "Gründau-Breitenborn",
    "Fr 27.02.": "1",
    "Sa 28.02.": "1",
    "So 01.03.": "1",
    "Mo 02.03.": "2",
    "Di 03.03.": "2"
  },
  {
    "Stationsname": "Waldems-Reinborn",
    "Fr 27.02.": "1",
    "Sa 28.02.": "1",
    "So 01.03.": "1",
    "Mo 02.03.": "2",
    "Di 03.03.": "2"
  },
  {
    "Stationsname": "Kleiner Feldberg/Taunus",
    "Fr 27.02.": "1",
    "Sa 28.02.": "1",
    "So 01.03.": "1",
    "Mo 02.03.": "1",
    "Di 03.03.": "2"
  },
  {
    "Stationsname": "Wiesbaden-Auringen",
    "Fr 27.02.": "1",
    "Sa 28.02.": "1",
    "So 01.03.": "1",
    "Mo 02.03.": "1",
    "Di 03.03.": "1"
  },
  {
    "Stationsname": "Frankfurt/Main-Westend",
    "Fr 27.02.": "1",
    "Sa 28.02.": "1",
    "So 01.03.": "1",
    "Mo 02.03.": "2",
    "Di 03.03.": "2"
  },
  {
    "Stationsname": "Offenbach-Wetterpark",
    "Fr 27.02.": "1",
    "Sa 28.02.": "1",
    "So 01.03.": "1",
    "Mo 02.03.": "2",
    "Di 03.03.": "2"
  },
  {
    "Stationsname": "Frankfurt (Flughafen)",
    "Fr 27.02.": "1",
    "Sa 28.02.": "1",
    "So 01.03.": "1",
    "Mo 02.03.": "1",
    "Di 03.03.": "1"
  },
  {
    "Stationsname": "Geisenheim",
    "Fr 27.02.": "1",
    "Sa 28.02.": "1",
    "So 01.03.": "1",
    "Mo 02.03.": "1",
    "Di 03.03.": "2"
  },
  {
    "Stationsname": "Schaafheim-Schlierbach",
    "Fr 27.02.": "1",
    "Sa 28.02.": "1",
    "So 01.03.": "1",
    "Mo 02.03.": "2",
    "Di 03.03.": "2"
  },
  {
    "Stationsname": "Darmstadt",
    "Fr 27.02.": "1",
    "Sa 28.02.": "1",
    "So 01.03.": "1",
    "Mo 02.03.": "2",
    "Di 03.03.": "2"
  },
  {
    "Stationsname": "Michelstadt-Vielbrunn",
    "Fr 27.02.": "1",
    "Sa 28.02.": "1",
    "So 01.03.": "2",
    "Mo 02.03.": "2",
    "Di 03.03.": "2"
  },
  {
    "Stationsname": "Michelstadt",
    "Fr 27.02.": "1",
    "Sa 28.02.": "1",
    "So 01.03.": "2",
    "Mo 02.03.": "2",
    "Di 03.03.": "2"
  },
  {
    "Stationsname": "Oberzent-Beerfelden",
    "Fr 27.02.": "1",
    "Sa 28.02.": "1",
    "So 01.03.": "1",
    "Mo 02.03.": "2",
    "Di 03.03.": "2"
  }
]